<?xml version="1.0" encoding="UTF-8"?>
<pt:document xmlns:pt="http://schemas.brother.info/ptouch/2007/lbx/main" xmlns:style="http://schemas.brother.info/ptouch/2007/lbx/style" xmlns:text="http://schemas.brother.info/ptouch/2007/lbx/text" xmlns:draw="http://schemas.brother.info/ptouch/2007/lbx/draw" xmlns:image="http://schemas.brother.info/ptouch/2007/lbx/image" xmlns:barcode="http://schemas.brother.info/ptouch/2007/lbx/barcode" xmlns:database="http://schemas.brother.info/ptouch/2007/lbx/database" xmlns:table="http://schemas.brother.info/ptouch/2007/lbx/table" version="1.1" generator="P-touch Editor 5.0.032 Windows"><pt:body currentSheet="Blatt 1" direction="LTR"><style:sheet name="Blatt 1"><style:paper media="0" width="25.6pt" height="2834.6pt" marginLeft="2.2pt" marginTop="2.8pt" marginRight="2.2pt" marginBottom="2.8pt" orientation="portrait" autoLength="true" monochromeDisplay="true" paperColor="#FFFFFF" paperInk="#000000" split="1" format="258" backgroundTheme="0" printerID="18992" printerName="Brother PT-9500PC"/><style:cutLine regularCut="0pt" freeCut=""/><style:backGround x="2.2pt" y="2.8pt" width="21.2pt" height="36.7pt" brushStyle="NULL" brushId="0" color="#000000" backColor="#FFFFFF"/><pt:objects><table:table><pt:objectStyle x="4.6pt" y="2.8pt" width="7.9pt" height="36.7pt" backColor="#FFFFFF" ropMode="COPYPEN" angle="0" anchor="TOPLEFT" flip="NONE"><pt:pen style="INSIDEFRAME" widthX="0.5pt" widthY="0.5pt" color="#000000"/><pt:brush style="NULL" color="#000000" id="0"/><pt:expanded objectName="Tabelle3" ID="0" lock="2" templateMergeTarget="LABELLIST" templateMergeType="NONE" templateMergeID="0" linkStatus="NONE" linkID="0"/></pt:objectStyle><table:tableStyle row="5" column="1" autoSize="false" keepSize="false"/><table:gridPosition x="0pt 7.2pt" y="0pt 7.2pt 14.4pt 21.6pt 28.8pt 36pt"/><table:cells><table:cell addressX="1" addressY="1" spanX="1" spanY="1" backColor="#FFFFFF"><text:text><pt:objectStyle x="6.3pt" y="4.5pt" width="4.5pt" height="4.5pt" backColor="#FFFFFF" ropMode="COPYPEN" angle="0" anchor="TOPLEFT" flip="NONE"><pt:pen style="NULL" widthX="0.5pt" widthY="0.5pt" color="#000000"/><pt:brush style="PATTERN" color="#000000" id="1"/><pt:expanded objectName="" ID="0" lock="0" templateMergeTarget="LABELLIST" templateMergeType="NONE" templateMergeID="0" linkStatus="NONE" linkID="0"/></pt:objectStyle><text:ptFontInfo><text:logFont name="Arial" width="0" italic="false" weight="700" charSet="0" pitchAndFamily="34"/><text:fontExt effect="REVERSAL" underline="0" strikeout="0" size="3.9pt" orgSize="28.8pt" textColor="#000000"/></text:ptFontInfo><text:textControl control="FIXEDFRAME" clipFrame="false" aspectNormal="true" shrink="true" autoLF="true" avoidImage="false"/><text:textAlign horizontalAlignment="CENTER" verticalAlignment="CENTER" inLineAlignment="BASELINE"/><text:textStyle vertical="false" nullBlock="false" charSpace="5" lineSpace="10" orgPoint="3.9pt" combinedChars="false"/><pt:data>1</pt:data><text:stringItem charLen="1"><text:ptFontInfo><text:logFont name="Arial" width="0" italic="false" weight="700" charSet="0" pitchAndFamily="34"/><text:fontExt effect="REVERSAL" underline="0" strikeout="0" size="3.9pt" orgSize="28.8pt" textColor="#000000"/></text:ptFontInfo></text:stringItem></text:text><pt:brush style="NULL" color="#000000" id="0"/></table:cell><table:cell addressX="1" addressY="2" spanX="1" spanY="1" backColor="#FFFFFF"><text:text><pt:objectStyle x="6.3pt" y="11.7pt" width="4.5pt" height="4.5pt" backColor="#FFFFFF" ropMode="COPYPEN" angle="0" anchor="TOPLEFT" flip="NONE"><pt:pen style="NULL" widthX="0.5pt" widthY="0.5pt" color="#000000"/><pt:brush style="NULL" color="#000000" id="0"/><pt:expanded objectName="" ID="0" lock="0" templateMergeTarget="LABELLIST" templateMergeType="NONE" templateMergeID="0" linkStatus="NONE" linkID="0"/></pt:objectStyle><text:ptFontInfo><text:logFont name="Arial" width="0" italic="false" weight="700" charSet="0" pitchAndFamily="34"/><text:fontExt effect="NOEFFECT" underline="0" strikeout="0" size="3.9pt" orgSize="28.8pt" textColor="#000000"/></text:ptFontInfo><text:textControl control="FIXEDFRAME" clipFrame="false" aspectNormal="true" shrink="true" autoLF="true" avoidImage="false"/><text:textAlign horizontalAlignment="CENTER" verticalAlignment="CENTER" inLineAlignment="BASELINE"/><text:textStyle vertical="false" nullBlock="false" charSpace="5" lineSpace="10" orgPoint="4.3pt" combinedChars="false"/><pt:data>3</pt:data><text:stringItem charLen="1"><text:ptFontInfo><text:logFont name="Arial" width="0" italic="false" weight="700" charSet="0" pitchAndFamily="34"/><text:fontExt effect="NOEFFECT" underline="0" strikeout="0" size="3.9pt" orgSize="28.8pt" textColor="#000000"/></text:ptFontInfo></text:stringItem></text:text><pt:brush style="NULL" color="#000000" id="0"/></table:cell><table:cell addressX="1" addressY="3" spanX="1" spanY="1" backColor="#FFFFFF"><text:text><pt:objectStyle x="6.3pt" y="18.9pt" width="4.5pt" height="4.5pt" backColor="#FFFFFF" ropMode="COPYPEN" angle="0" anchor="TOPLEFT" flip="NONE"><pt:pen style="NULL" widthX="0.5pt" widthY="0.5pt" color="#000000"/><pt:brush style="NULL" color="#000000" id="0"/><pt:expanded objectName="" ID="0" lock="0" templateMergeTarget="LABELLIST" templateMergeType="NONE" templateMergeID="0" linkStatus="NONE" linkID="0"/></pt:objectStyle><text:ptFontInfo><text:logFont name="Arial" width="0" italic="false" weight="700" charSet="0" pitchAndFamily="34"/><text:fontExt effect="NOEFFECT" underline="0" strikeout="0" size="3.9pt" orgSize="28.8pt" textColor="#000000"/></text:ptFontInfo><text:textControl control="FIXEDFRAME" clipFrame="false" aspectNormal="true" shrink="true" autoLF="true" avoidImage="false"/><text:textAlign horizontalAlignment="CENTER" verticalAlignment="CENTER" inLineAlignment="BASELINE"/><text:textStyle vertical="false" nullBlock="false" charSpace="5" lineSpace="10" orgPoint="4.3pt" combinedChars="false"/><pt:data>5</pt:data><text:stringItem charLen="1"><text:ptFontInfo><text:logFont name="Arial" width="0" italic="false" weight="700" charSet="0" pitchAndFamily="34"/><text:fontExt effect="NOEFFECT" underline="0" strikeout="0" size="3.9pt" orgSize="28.8pt" textColor="#000000"/></text:ptFontInfo></text:stringItem></text:text><pt:brush style="NULL" color="#000000" id="0"/></table:cell><table:cell addressX="1" addressY="4" spanX="1" spanY="1" backColor="#FFFFFF"><text:text><pt:objectStyle x="6.3pt" y="26.1pt" width="4.5pt" height="4.5pt" backColor="#FFFFFF" ropMode="COPYPEN" angle="0" anchor="TOPLEFT" flip="NONE"><pt:pen style="NULL" widthX="0.5pt" widthY="0.5pt" color="#000000"/><pt:brush style="NULL" color="#000000" id="0"/><pt:expanded objectName="" ID="0" lock="0" templateMergeTarget="LABELLIST" templateMergeType="NONE" templateMergeID="0" linkStatus="NONE" linkID="0"/></pt:objectStyle><text:ptFontInfo><text:logFont name="Arial" width="0" italic="false" weight="700" charSet="0" pitchAndFamily="34"/><text:fontExt effect="NOEFFECT" underline="0" strikeout="0" size="3.9pt" orgSize="28.8pt" textColor="#000000"/></text:ptFontInfo><text:textControl control="FIXEDFRAME" clipFrame="false" aspectNormal="true" shrink="true" autoLF="true" avoidImage="false"/><text:textAlign horizontalAlignment="CENTER" verticalAlignment="CENTER" inLineAlignment="BASELINE"/><text:textStyle vertical="false" nullBlock="false" charSpace="5" lineSpace="10" orgPoint="4.3pt" combinedChars="false"/><pt:data>7</pt:data><text:stringItem charLen="1"><text:ptFontInfo><text:logFont name="Arial" width="0" italic="false" weight="700" charSet="0" pitchAndFamily="34"/><text:fontExt effect="NOEFFECT" underline="0" strikeout="0" size="3.9pt" orgSize="28.8pt" textColor="#000000"/></text:ptFontInfo></text:stringItem></text:text><pt:brush style="NULL" color="#000000" id="0"/></table:cell><table:cell addressX="1" addressY="5" spanX="1" spanY="1" backColor="#FFFFFF"><text:text><pt:objectStyle x="6.3pt" y="33.3pt" width="4.5pt" height="4.5pt" backColor="#FFFFFF" ropMode="COPYPEN" angle="0" anchor="TOPLEFT" flip="NONE"><pt:pen style="NULL" widthX="0.5pt" widthY="0.5pt" color="#000000"/><pt:brush style="NULL" color="#000000" id="0"/><pt:expanded objectName="" ID="0" lock="0" templateMergeTarget="LABELLIST" templateMergeType="NONE" templateMergeID="0" linkStatus="NONE" linkID="0"/></pt:objectStyle><text:ptFontInfo><text:logFont name="Arial" width="0" italic="false" weight="700" charSet="0" pitchAndFamily="34"/><text:fontExt effect="NOEFFECT" underline="0" strikeout="0" size="3.9pt" orgSize="28.8pt" textColor="#000000"/></text:ptFontInfo><text:textControl control="FIXEDFRAME" clipFrame="false" aspectNormal="true" shrink="true" autoLF="true" avoidImage="false"/><text:textAlign horizontalAlignment="CENTER" verticalAlignment="CENTER" inLineAlignment="BASELINE"/><text:textStyle vertical="false" nullBlock="false" charSpace="5" lineSpace="10" orgPoint="4.3pt" combinedChars="false"/><pt:data>9</pt:data><text:stringItem charLen="1"><text:ptFontInfo><text:logFont name="Arial" width="0" italic="false" weight="700" charSet="0" pitchAndFamily="34"/><text:fontExt effect="NOEFFECT" underline="0" strikeout="0" size="3.9pt" orgSize="28.8pt" textColor="#000000"/></text:ptFontInfo></text:stringItem></text:text><pt:brush style="NULL" color="#000000" id="0"/></table:cell></table:cells></table:table><table:table><pt:objectStyle x="12.2pt" y="2.8pt" width="7.9pt" height="36.7pt" backColor="#FFFFFF" ropMode="COPYPEN" angle="0" anchor="TOPLEFT" flip="NONE"><pt:pen style="INSIDEFRAME" widthX="0.5pt" widthY="0.5pt" color="#000000"/><pt:brush style="NULL" color="#000000" id="0"/><pt:expanded objectName="Tabelle5" ID="0" lock="2" templateMergeTarget="LABELLIST" templateMergeType="NONE" templateMergeID="0" linkStatus="NONE" linkID="0"/></pt:objectStyle><table:tableStyle row="5" column="1" autoSize="false" keepSize="false"/><table:gridPosition x="0pt 7.2pt" y="0pt 7.2pt 14.4pt 21.6pt 28.8pt 36pt"/><table:cells><table:cell addressX="1" addressY="1" spanX="1" spanY="1" backColor="#FFFFFF"><text:text><pt:objectStyle x="13.9pt" y="4.5pt" width="4.5pt" height="4.5pt" backColor="#FFFFFF" ropMode="COPYPEN" angle="0" anchor="TOPLEFT" flip="NONE"><pt:pen style="NULL" widthX="0.5pt" widthY="0.5pt" color="#000000"/><pt:brush style="NULL" color="#000000" id="0"/><pt:expanded objectName="" ID="0" lock="0" templateMergeTarget="LABELLIST" templateMergeType="NONE" templateMergeID="0" linkStatus="NONE" linkID="0"/></pt:objectStyle><text:ptFontInfo><text:logFont name="Arial" width="0" italic="false" weight="700" charSet="0" pitchAndFamily="34"/><text:fontExt effect="NOEFFECT" underline="0" strikeout="0" size="3.9pt" orgSize="28.8pt" textColor="#000000"/></text:ptFontInfo><text:textControl control="FIXEDFRAME" clipFrame="false" aspectNormal="true" shrink="true" autoLF="true" avoidImage="false"/><text:textAlign horizontalAlignment="CENTER" verticalAlignment="CENTER" inLineAlignment="BASELINE"/><text:textStyle vertical="false" nullBlock="false" charSpace="5" lineSpace="10" orgPoint="4.5pt" combinedChars="false"/><pt:data>2</pt:data><text:stringItem charLen="1"><text:ptFontInfo><text:logFont name="Arial" width="0" italic="false" weight="700" charSet="0" pitchAndFamily="34"/><text:fontExt effect="NOEFFECT" underline="0" strikeout="0" size="3.9pt" orgSize="28.8pt" textColor="#000000"/></text:ptFontInfo></text:stringItem></text:text><pt:brush style="NULL" color="#000000" id="0"/></table:cell><table:cell addressX="1" addressY="2" spanX="1" spanY="1" backColor="#FFFFFF"><text:text><pt:objectStyle x="13.9pt" y="11.7pt" width="4.5pt" height="4.5pt" backColor="#FFFFFF" ropMode="COPYPEN" angle="0" anchor="TOPLEFT" flip="NONE"><pt:pen style="NULL" widthX="0.5pt" widthY="0.5pt" color="#000000"/><pt:brush style="NULL" color="#000000" id="0"/><pt:expanded objectName="" ID="0" lock="0" templateMergeTarget="LABELLIST" templateMergeType="NONE" templateMergeID="0" linkStatus="NONE" linkID="0"/></pt:objectStyle><text:ptFontInfo><text:logFont name="Arial" width="0" italic="false" weight="700" charSet="0" pitchAndFamily="34"/><text:fontExt effect="NOEFFECT" underline="0" strikeout="0" size="3.9pt" orgSize="28.8pt" textColor="#000000"/></text:ptFontInfo><text:textControl control="FIXEDFRAME" clipFrame="false" aspectNormal="true" shrink="true" autoLF="true" avoidImage="false"/><text:textAlign horizontalAlignment="CENTER" verticalAlignment="CENTER" inLineAlignment="BASELINE"/><text:textStyle vertical="false" nullBlock="false" charSpace="5" lineSpace="10" orgPoint="4.3pt" combinedChars="false"/><pt:data>4</pt:data><text:stringItem charLen="1"><text:ptFontInfo><text:logFont name="Arial" width="0" italic="false" weight="700" charSet="0" pitchAndFamily="34"/><text:fontExt effect="NOEFFECT" underline="0" strikeout="0" size="3.9pt" orgSize="28.8pt" textColor="#000000"/></text:ptFontInfo></text:stringItem></text:text><pt:brush style="NULL" color="#000000" id="0"/></table:cell><table:cell addressX="1" addressY="3" spanX="1" spanY="1" backColor="#FFFFFF"><text:text><pt:objectStyle x="13.9pt" y="18.9pt" width="4.5pt" height="4.5pt" backColor="#FFFFFF" ropMode="COPYPEN" angle="0" anchor="TOPLEFT" flip="NONE"><pt:pen style="NULL" widthX="0.5pt" widthY="0.5pt" color="#000000"/><pt:brush style="NULL" color="#000000" id="0"/><pt:expanded objectName="" ID="0" lock="0" templateMergeTarget="LABELLIST" templateMergeType="NONE" templateMergeID="0" linkStatus="NONE" linkID="0"/></pt:objectStyle><text:ptFontInfo><text:logFont name="Arial" width="0" italic="false" weight="700" charSet="0" pitchAndFamily="34"/><text:fontExt effect="NOEFFECT" underline="0" strikeout="0" size="3.9pt" orgSize="28.8pt" textColor="#000000"/></text:ptFontInfo><text:textControl control="FIXEDFRAME" clipFrame="false" aspectNormal="true" shrink="true" autoLF="true" avoidImage="false"/><text:textAlign horizontalAlignment="CENTER" verticalAlignment="CENTER" inLineAlignment="BASELINE"/><text:textStyle vertical="false" nullBlock="false" charSpace="5" lineSpace="10" orgPoint="4.3pt" combinedChars="false"/><pt:data>6</pt:data><text:stringItem charLen="1"><text:ptFontInfo><text:logFont name="Arial" width="0" italic="false" weight="700" charSet="0" pitchAndFamily="34"/><text:fontExt effect="NOEFFECT" underline="0" strikeout="0" size="3.9pt" orgSize="28.8pt" textColor="#000000"/></text:ptFontInfo></text:stringItem></text:text><pt:brush style="NULL" color="#000000" id="0"/></table:cell><table:cell addressX="1" addressY="4" spanX="1" spanY="1" backColor="#FFFFFF"><text:text><pt:objectStyle x="13.9pt" y="26.1pt" width="4.5pt" height="4.5pt" backColor="#FFFFFF" ropMode="COPYPEN" angle="0" anchor="TOPLEFT" flip="NONE"><pt:pen style="NULL" widthX="0.5pt" widthY="0.5pt" color="#000000"/><pt:brush style="NULL" color="#000000" id="0"/><pt:expanded objectName="" ID="0" lock="0" templateMergeTarget="LABELLIST" templateMergeType="NONE" templateMergeID="0" linkStatus="NONE" linkID="0"/></pt:objectStyle><text:ptFontInfo><text:logFont name="Arial" width="0" italic="false" weight="700" charSet="0" pitchAndFamily="34"/><text:fontExt effect="NOEFFECT" underline="0" strikeout="0" size="3.9pt" orgSize="28.8pt" textColor="#000000"/></text:ptFontInfo><text:textControl control="FIXEDFRAME" clipFrame="false" aspectNormal="true" shrink="true" autoLF="true" avoidImage="false"/><text:textAlign horizontalAlignment="CENTER" verticalAlignment="CENTER" inLineAlignment="BASELINE"/><text:textStyle vertical="false" nullBlock="false" charSpace="5" lineSpace="10" orgPoint="4.3pt" combinedChars="false"/><pt:data>8</pt:data><text:stringItem charLen="1"><text:ptFontInfo><text:logFont name="Arial" width="0" italic="false" weight="700" charSet="0" pitchAndFamily="34"/><text:fontExt effect="NOEFFECT" underline="0" strikeout="0" size="3.9pt" orgSize="28.8pt" textColor="#000000"/></text:ptFontInfo></text:stringItem></text:text><pt:brush style="NULL" color="#000000" id="0"/></table:cell><table:cell addressX="1" addressY="5" spanX="1" spanY="1" backColor="#FFFFFF"><text:text><pt:objectStyle x="13.9pt" y="33.3pt" width="4.5pt" height="4.5pt" backColor="#FFFFFF" ropMode="COPYPEN" angle="0" anchor="TOPLEFT" flip="NONE"><pt:pen style="NULL" widthX="0.5pt" widthY="0.5pt" color="#000000"/><pt:brush style="NULL" color="#000000" id="0"/><pt:expanded objectName="" ID="0" lock="0" templateMergeTarget="LABELLIST" templateMergeType="NONE" templateMergeID="0" linkStatus="NONE" linkID="0"/></pt:objectStyle><text:ptFontInfo><text:logFont name="Arial" width="0" italic="false" weight="700" charSet="0" pitchAndFamily="34"/><text:fontExt effect="NOEFFECT" underline="0" strikeout="0" size="3.8pt" orgSize="28.8pt" textColor="#000000"/></text:ptFontInfo><text:textControl control="FIXEDFRAME" clipFrame="false" aspectNormal="true" shrink="true" autoLF="true" avoidImage="false"/><text:textAlign horizontalAlignment="CENTER" verticalAlignment="CENTER" inLineAlignment="BASELINE"/><text:textStyle vertical="false" nullBlock="false" charSpace="5" lineSpace="10" orgPoint="4.3pt" combinedChars="false"/><pt:data>10</pt:data><text:stringItem charLen="2"><text:ptFontInfo><text:logFont name="Arial" width="0" italic="false" weight="700" charSet="0" pitchAndFamily="34"/><text:fontExt effect="NOEFFECT" underline="0" strikeout="0" size="3.8pt" orgSize="28.8pt" textColor="#000000"/></text:ptFontInfo></text:stringItem></text:text><pt:brush style="NULL" color="#000000" id="0"/></table:cell></table:cells></table:table></pt:objects></style:sheet></pt:body></pt:document>
