<?xml version="1.0" encoding="UTF-8"?>
<meta:properties xmlns:meta="http://schemas.brother.info/ptouch/2007/lbx/meta" xmlns:dc="http://purl.org/dc/elements/1.1/" xmlns:dcterms="http://purl.org/dc/terms/"><meta:appName>P-touch Editor</meta:appName><dc:title></dc:title><dc:subject></dc:subject><dc:creator>CCM-Client: tent79</dc:creator><meta:keyword></meta:keyword><dc:description></dc:description><meta:template></meta:template><dcterms:created>2011-05-11T09:53:40Z</dcterms:created><dcterms:modified>2015-12-28T10:35:28Z</dcterms:modified><meta:lastPrinted>2015-07-17T08:04:16Z</meta:lastPrinted><meta:modifiedBy>CCM-Client: tent79</meta:modifiedBy><meta:revision>5</meta:revision><meta:editTime>225</meta:editTime><meta:numPages>1</meta:numPages><meta:numWords>0</meta:numWords><meta:numChars>0</meta:numChars><meta:security>0</meta:security></meta:properties>
